_id,username,password
user1@example.com,user1,4f8dWq2k
user2@example.com,user2,Z9hT7pA4
user3@example.com,user3,U6mL3oBx
user4@example.com,user4,P9fK2jVm
user5@example.com,user5,W7jQ6mZn
user6@example.com,user6,T5kM9uPl
user7@example.com,user7,A3dV8xRn
user8@example.com,user8,H1gJ5oLp
user9@example.com,user9,B7tY4rQm
user10@example.com,user10,C2kL8vNx
user11@example.com,user11,X9mJ7pWr
user12@example.com,user12,E5hN2uQl
user13@example.com,user13,R3fP6oXn
user14@example.com,user14,Y8kV9jZm
user15@example.com,user15,G6jM4tQp
user16@example.com,user16,S7hT3pLk
user17@example.com,user17,D9fJ8oNr
user18@example.com,user18,L2mK6uQj
user19@example.com,user19,W5tY7vPl
user20@example.com,user20,B3kH9nXm
user21@example.com,user21,T8mL2jQp
user22@example.com,user22,F6hP4oXr
user23@example.com,user23,P9fK5mJt
user24@example.com,user24,R2jV8nQl
user25@example.com,user25,F9kW1eMa
user26@example.com,user26,X3mJ9oPt
user27@example.com,user27,K6hL4uXm
user28@example.com,user28,Q8fP7kVr
user29@example.com,user29,D2tM5oWn
user30@example.com,user30,E5kN3vLj
user31@example.com,user31,J7mP6tQp
user32@example.com,user32,H9fK2jXr
user33@example.com,user33,L3hV8nWp
user34@example.com,user34,Y5kM4pQl
user35@example.com,user35,U8tJ9oNr
user36@example.com,user36,Z2mL6uPt
user37@example.com,user37,B6fP3kXm
user38@example.com,user38,R9hK5vNr
user39@example.com,user39,N1jV7oWp
user40@example.com,user40,F4kM2pQl
user41@example.com,user41,X8tL3jNr
user42@example.com,user42,K7fJ9oPt
user43@example.com,user43,W5mP6vXm
user44@example.com,user44,D3kH4uNr
user45@example.com,user45,L9jM8tQl
user46@example.com,user46,Y2mK7pWr
user47@example.com,user47,Q6fP5oJn
user48@example.com,user48,Z3kV9mLp
user49@example.com,user49,B8hL2uNr
user50@example.com,user50,J5mN4vXt
user51@example.com,user51,T9fK6pQl
user52@example.com,user52,P2jM3oNr
user53@example.com,user53,R7kL8vWp
user54@example.com,user54,A6hV5mXt
user55@example.com,user55,E3mJ9pQl
user56@example.com,user56,X1fK4uNr
user57@example.com,user57,K8tM7oWp
user58@example.com,user58,H2kL6pXt
user59@example.com,user59,L5jV3nQl
user60@example.com,user60,Q9mP4oNr
user61@example.com,user61,W7kJ6vXt
user62@example.com,user62,D1tL2pNr
user63@example.com,user63,F5hM8oQl
user64@example.com,user64,Y3kV9nWp
user65@example.com,user65,Z6mK4uPt
user66@example.com,user66,B9fP2jNr
user67@example.com,user67,J8tL3oXt
user68@example.com,user68,R5mK7pQl
user69@example.com,user69,N2jM6vWr
user70@example.com,user70,A1kV8oNr
user71@example.com,user71,E4hP3mXt
user72@example.com,user72,X9tL5uQl
user73@example.com,user73,K2fJ7oNr
user74@example.com,user74,H5mV4pWp
user75@example.com,user75,Y8kM6nXt
user76@example.com,user76,Q3jP9oNl
user77@example.com,user77,Z5mL2vWr
user78@example.com,user78,B1hK8uXt
user79@example.com,user79,J4tN3pQl
user80@example.com,user80,R9kM7oNr
user81@example.com,user81,W2fV6jXt
user82@example.com,user82,D8mP4uWr
user83@example.com,user83,L1hK5oQl
user84@example.com,user84,Y3tJ9pNr
user85@example.com,user85,X6mL2vWp
user86@example.com,user86,K4fP8oXt
user87@example.com,user87,H7kM9nQl
user88@example.com,user88,Z2jV5pWr
user89@example.com,user89,B9mL6uXt
user90@example.com,user90,J3tK7oQl
user91@example.com,user91,R6fN8vNr
user92@example.com,user92,A1kP4jXt
user93@example.com,user93,E5mV2uWr
user94@example.com,user94,Y7hL3pQl
user95@example.com,user95,Q9tJ6oNr
user96@example.com,user96,Z4fM8vWp
user97@example.com,user97,B2kK1uXt
user98@example.com,user98,J8mP7oQl
user99@example.com,user99,R5hL9nWr
user100@example.com,user100,N3kV4uXt